{
  "eslint.config.mjs": 1776797870.2790322,
  "global-setup.ts": 1776799084.0393636,
  "global-teardown.ts": 1776632635.2460325,
  "playwright.config.ts": 1776631226.645913,
  "artifacts\\Conf.php": 1776759552.7704167,
  "pages\\LoginPage.ts": 1776773662.036863,
  "pages\\pim\\AddEmployeePage.ts": 1776797420.764882,
  "pages\\pim\\EmployeeListPage.ts": 1776797420.7764726,
  "pages\\pim\\PersonalDetailsPage.ts": 1776797420.7835176,
  "scripts\\install-orangehrm.js": 1776797420.8529613,
  "scripts\\start-orangehrm.ts": 1776682389.8443613,
  "scripts\\stop-orangehrm.ts": 1776797420.8615434,
  "scripts\\artifacts\\Conf.php": 1776715196.2442179,
  "src\\pages\\base\\BasePage.ts": 1776634644.0431316,
  "src\\pages\\dashboard\\ClaimPage.ts": 1776634647.680704,
  "src\\pages\\dashboard\\EmployeePage.ts": 1776634649.4394803,
  "src\\pages\\dashboard\\EventPage.ts": 1776634650.3338788,
  "src\\pages\\dashboard\\LeaveTypePage.ts": 1776634651.976514,
  "src\\pages\\login\\LoginPage.ts": 1776797870.2795322,
  "src\\setup\\claim.setup.ts": 1776633512.081908,
  "src\\setup\\employee.setup.ts": 1776633512.081908,
  "src\\setup\\event.setup.ts": 1776633512.081908,
  "src\\setup\\leave-type.setup.ts": 1776633512.0824094,
  "src\\utils\\timestamp.ts": 1776631226.9489088,
  "src\\utils\\actions\\click_utils.ts": 1776633512.081908,
  "src\\utils\\actions\\wait_utils.ts": 1776633512.081908,
  "src\\utils\\common\\data_utils.ts": 1776634726.4610138,
  "src\\utils\\common\\expect_utils.ts": 1776634726.3948028,
  "src\\utils\\common\\index.ts": 1776634726.4610138,
  "src\\utils\\common\\locator_utils.ts": 1776634726.3948028,
  "src\\utils\\common\\network_utils.ts": 1776634726.4610138,
  "src\\utils\\common\\sync_utils.ts": 1776634726.4610138,
  "src\\utils\\dashboard\\table_assertions.ts": 1776634191.9852176,
  "src\\utils\\logging\\logger.ts": 1776634851.0506077,
  "src\\utils\\login\\login_selectors.ts": 1776633512.081908,
  "tests\\claim\\create-claim.spec.ts": 1776634726.288037,
  "tests\\claim\\delete-claim.spec.ts": 1776634726.3948028,
  "tests\\claim\\read-claim.spec.ts": 1776634726.288037,
  "tests\\claim\\update-claim.spec.ts": 1776634726.3424835,
  "tests\\employee\\create-employee.spec.ts": 1776634726.2560298,
  "tests\\employee\\delete-employee.spec.ts": 1776633512.0131867,
  "tests\\employee\\read-employee.spec.ts": 1776633512.0131867,
  "tests\\employee\\update-employee.spec.ts": 1776634906.2448492,
  "tests\\event\\create-event.spec.ts": 1776633511.9703808,
  "tests\\event\\delete-event.spec.ts": 1776633512.081408,
  "tests\\event\\read-event.spec.ts": 1776633512.081908,
  "tests\\event\\update-event.spec.ts": 1776633512.081908,
  "tests\\leave-type\\create-leave-type.spec.ts": 1776633511.9703808,
  "tests\\leave-type\\delete-leave-type.spec.ts": 1776633512.081908,
  "tests\\leave-type\\read-leave-type.spec.ts": 1776633512.081908,
  "tests\\leave-type\\update-leave-type.spec.ts": 1776633512.081908,
  "README.md": 1776634726.2560298,
  "graphify-out\\graph.html": 1776799629.430334,
  "graphify-out\\GRAPH_REPORT.md": 1776799624.7997131,
  "scripts\\artifacts\\screenshots\\installer-debug.html": 1776799147.7365873,
  "scripts\\artifacts\\screenshots\\00_start.png": 1776799117.2399535,
  "scripts\\artifacts\\screenshots\\error.png": 1776799147.7708223
}