{
  "eslint.config.mjs": 1776871923.9279037,
  "configs\\global-setup.ts": 1776871972.3653555,
  "configs\\global-teardown.ts": 1776858142.7538545,
  "configs\\playwright.config.ts": 1776870403.7937639,
  "configs\\playwright-report\\html\\trace\\index.Bx16ehp1.js": 1773154870.0721588,
  "configs\\playwright-report\\html\\trace\\sw.bundle.js": 1773154873.779731,
  "configs\\playwright-report\\html\\trace\\uiMode.DRQ310U5.js": 1773154873.7957258,
  "configs\\playwright-report\\html\\trace\\assets\\codeMirrorModule-eyVcHN77.js": 1773154869.9951108,
  "configs\\playwright-report\\html\\trace\\assets\\defaultSettingsView-w0zYjHsW.js": 1773154870.0258152,
  "graphify-out\\build_graph.py": 1776855622.7245216,
  "graphify-out\\extract_ast.py": 1776855319.9278443,
  "graphify-out\\final_report.py": 1776855643.337716,
  "graphify-out\\merge_extract.py": 1776855595.8778086,
  "pages\\dashboard.ts": 1776858039.0505323,
  "pages\\claim\\ClaimPage.ts": 1776858039.0490303,
  "pages\\claim\\actions\\ClaimActions.ts": 1776858039.0495322,
  "pages\\claim\\locators\\ClaimLocators.ts": 1776858039.0500326,
  "pages\\employee\\EmployeePage.ts": 1776858039.0510306,
  "pages\\employee\\actions\\EmployeeActions.ts": 1776858039.0520303,
  "pages\\employee\\locators\\EmployeeLocators.ts": 1776858039.052534,
  "pages\\event\\EventPage.ts": 1776858039.0530305,
  "pages\\event\\actions\\EventActions.ts": 1776858039.0535305,
  "pages\\event\\locators\\EventLocators.ts": 1776858039.0540314,
  "pages\\leave-type\\LeaveTypePage.ts": 1776858039.0550313,
  "pages\\leave-type\\actions\\LeaveTypeActions.ts": 1776858039.055532,
  "pages\\leave-type\\locators\\LeaveTypeLocators.ts": 1776858039.056032,
  "pages\\login\\base.ts": 1776858039.0570314,
  "pages\\login\\LoginPage.ts": 1776858039.0565321,
  "scripts\\start-orangehrm.ts": 1776854497.6114318,
  "scripts\\stop-orangehrm.ts": 1776868585.4495034,
  "scripts\\ui-installer.ts": 1776871893.3349135,
  "setups\\claim.setup.ts": 1776858039.0575304,
  "setups\\employee.setup.ts": 1776858039.058031,
  "setups\\event.setup.ts": 1776858039.058031,
  "setups\\leave-type.setup.ts": 1776858039.0585341,
  "tests\\claim\\create-claim.spec.ts": 1776858202.3366365,
  "tests\\claim\\delete-claim.spec.ts": 1776858202.3561823,
  "tests\\claim\\read-claim.spec.ts": 1776858202.3863437,
  "tests\\claim\\update-claim.spec.ts": 1776858202.3933444,
  "tests\\employee\\create-employee.spec.ts": 1776858202.4008448,
  "tests\\employee\\delete-employee.spec.ts": 1776858202.4048443,
  "tests\\employee\\read-employee.spec.ts": 1776858202.4088554,
  "tests\\employee\\update-employee.spec.ts": 1776858202.4178567,
  "tests\\event\\create-event.spec.ts": 1776858202.425885,
  "tests\\event\\delete-event.spec.ts": 1776858202.4609346,
  "tests\\event\\read-event.spec.ts": 1776858202.4885683,
  "tests\\event\\update-event.spec.ts": 1776858202.4935696,
  "tests\\leave-type\\create-leave-type.spec.ts": 1776858202.498069,
  "tests\\leave-type\\delete-leave-type.spec.ts": 1776858202.5010698,
  "tests\\leave-type\\read-leave-type.spec.ts": 1776858202.5045695,
  "tests\\leave-type\\update-leave-type.spec.ts": 1776858202.5080838,
  "utils\\timestamp.ts": 1776858039.065633,
  "utils\\actions\\click_utils.ts": 1776858039.0595374,
  "utils\\actions\\wait_utils.ts": 1776858039.0600357,
  "utils\\common\\database_utils.ts": 1776858039.0610406,
  "utils\\common\\data_utils.ts": 1776858039.0600357,
  "utils\\common\\expect_utils.ts": 1776858039.0610406,
  "utils\\common\\index.ts": 1776858039.0610406,
  "utils\\common\\locator_utils.ts": 1776858039.0620575,
  "utils\\common\\network_utils.ts": 1776858039.0620575,
  "utils\\common\\sync_utils.ts": 1776858039.0620575,
  "utils\\dashboard\\table_assertions.ts": 1776858039.0630727,
  "utils\\logging\\logger.ts": 1776858039.0641208,
  "utils\\login\\login_selectors.ts": 1776858039.0651307,
  "README.md": 1776858192.1756248,
  "configs\\playwright-report\\html\\index.html": 1776870458.816659,
  "configs\\playwright-report\\html\\trace\\index.html": 1773154869.947841,
  "configs\\playwright-report\\html\\trace\\snapshot.html": 1773154869.948841,
  "configs\\playwright-report\\html\\trace\\uiMode.html": 1773154869.9493418,
  "graphify-out\\graph.html": 1776872992.4576218,
  "graphify-out\\GRAPH_REPORT.md": 1776872992.4359436,
  "playwright-report\\html\\index.html": 1776856507.9693434,
  "playwright-report\\monocart\\index.html": 1776870458.7403286,
  "configs\\playwright-report\\html\\data\\7a33d5db6370b6de345e990751aa1f1da65ad675.png": 1776870458.7819805,
  "configs\\playwright-report\\html\\trace\\playwright-logo.svg": 1773154873.865778,
  "playwright-report\\monocart\\attachments\\018b2e5b20aceba72789eb115b75cbaf3fe5d17c.png": 1776870457.0476642,
  "playwright-report\\monocart\\attachments\\062f31ca76733c828a4063389933fd1557539a31.png": 1776870457.1342492,
  "playwright-report\\monocart\\attachments\\131f3b03cf155a6bbd64c093bb0174101e1a2389.png": 1776870450.0029788,
  "playwright-report\\monocart\\attachments\\39f382b35d8b607156f433fa61c92ae870fe580f.png": 1776870450.0029788,
  "playwright-report\\monocart\\attachments\\51ee154d47086484aa706b15363a83fa11f87201.png": 1776870443.9714983,
  "playwright-report\\monocart\\attachments\\75d46e53c5a178c15d737063f911d5d8afd1f81b.png": 1776870453.6013217,
  "playwright-report\\monocart\\attachments\\88402a4051af939e431e3a84c8297c92d2498e05.png": 1776870457.3077292,
  "playwright-report\\monocart\\attachments\\b0942b6e4b07612ce7c4322eaf3edccfed4c9b7c.png": 1776870443.8991573,
  "playwright-report\\monocart\\attachments\\b678985dc08fb5b73d6c4025c5994558b06029da.png": 1776870449.920383,
  "playwright-report\\monocart\\attachments\\c38982c18dded3e54a6cc3350c173fda4b98e71c.png": 1776870453.6572006,
  "playwright-report\\monocart\\attachments\\c85b35ba5305bcb9d1415cc26fe3d7502c049967.png": 1776870453.4355369,
  "playwright-report\\monocart\\attachments\\dd6f761b092fd99b31ebf2975cb5d9d632577092.png": 1776870443.9298556,
  "playwright-report\\monocart\\attachments\\eae1539a3880bf7d759bf761c55797fac215508c.png": 1776870443.973523,
  "playwright-report\\monocart\\attachments\\eae2188f2fb02a2195f5f20e34bed6f1d77e5216.png": 1776870457.2649124,
  "playwright-report\\monocart\\attachments\\f1e16a1b30972cc07053241a46b14e06a960edbb.png": 1776870449.9339476,
  "playwright-report\\monocart\\attachments\\fe940e09b6a5764347df20c0e09ea353e27cabcd.png": 1776870453.6733482,
  "scripts\\artifacts\\screenshots\\installer-failed.png": 1776872110.305763,